name,category,location,telephone,mail,website
Clara Jane Hemp Dispensary,"[' CBD Oil', ' CBD Products', ' Dispensaries']",415 memorial dr se atlanta ga,(678) 705-1799,cloud9smokeco@gmail.com, https://cloud9smokeco.com
Cloud 9 Smoke & Vape Co.,"[' CBD Products', ' Vape Shops', ' CBD Oil']",415 memorial dr se atlanta ga,(678) 705-1799,cloud9smokeco@gmail.com, https://cloud9smokeco.com
Cloud 9 Smoke & Vape Co. - CBD,"[' CBD Products', ' CBD Oil', ' Dispensaries', ' Vape Shops']","Peoria, AZ",(619) 838-0114,FarleysGreenPawConsulting@gmail.com, https://www.farleysgreenpawconsulting.com
Farley's Green Paw Consulting,"[' CBD Oil', ' CBD Products']","2468 Windy Hill Rd Se, Marietta, GA, 30067",(770) 672-7081,coleman@cloud9smokeco.com, http://cloud9smokeco.com
Colorado BounD,"[' CBD Oil', ' CBD Products', ' Vape Shops']",415 memorial dr se atlanta ga,(678) 705-1799,cloud9smokeco@gmail.com, https://cloud9smokeco.com
Dry Herb Vaporizer,[' Vape Shops'],"1132 4th Ave S, Nashville, TN 37210, USA",615-520-3952,hello@clarajanenashville.com, https://clarajanenashville.com
Medical Marijuana Card Fresno,"[' CBD Products', ' CBD Oil']","2468 Windy Hill Rd Se, Marietta, GA, 30067",(770) 672-7081,coleman@cloud9smokeco.com, http://cloud9smokeco.com
DUO Smoke Shop,"[' CBD Products', ' CBD Oil', ' Vape Shops']",415 memorial dr se atlanta ga,(678) 705-1799,cloud9smokeco@gmail.com, https://cloud9smokeco.com
Discount Vape Pen,[' Vape Shops'],"1132 4th Ave S, Nashville, TN 37210, USA",615-520-3952,hello@clarajanenashville.com, https://clarajanenashville.com
Green Mart,"[' Dispensaries', ' CBD Oil', ' CBD Products']",415 memorial dr se atlanta ga,(678) 705-1799,cloud9smokeco@gmail.com, https://cloud9smokeco.com
Horizon CBD,"[' CBD Oil', ' CBD Products']","2468 Windy Hill Rd Se, Marietta, GA, 30067",(770) 672-7081,coleman@cloud9smokeco.com, http://cloud9smokeco.com
Green Farmacy Natural Relief Clinic,"[' Dispensaries', ' CBD Products']","2468 Windy Hill Rd Se, Marietta, GA, 30067",(770) 672-7081,coleman@cloud9smokeco.com, http://cloud9smokeco.com
Green Earth Medicine Clinic of Grants Pass,[' Dispensaries'],"1132 4th Ave S, Nashville, TN 37210, USA",615-520-3952,hello@clarajanenashville.com, https://clarajanenashville.com
Green Elephant,[' Dispensaries'],"1132 4th Ave S, Nashville, TN 37210, USA",615-520-3952,hello@clarajanenashville.com, https://clarajanenashville.com
Green Era Medicinal,"[' Dispensaries', ' CBD Products']","2468 Windy Hill Rd Se, Marietta, GA, 30067",(770) 672-7081,coleman@cloud9smokeco.com, http://cloud9smokeco.com
Green Dragon - Aurora,[' Dispensaries'],"1132 4th Ave S, Nashville, TN 37210, USA",615-520-3952,hello@clarajanenashville.com, https://clarajanenashville.com
Green Dragon - Devereux Rd,[' Dispensaries'],"1132 4th Ave S, Nashville, TN 37210, USA",615-520-3952,hello@clarajanenashville.com, https://clarajanenashville.com
Green Door Wellness,[' Dispensaries'],"1132 4th Ave S, Nashville, TN 37210, USA",615-520-3952,hello@clarajanenashville.com, https://clarajanenashville.com
Green Cross of Torrance,"[' CBD Oil', ' Dispensaries', ' CBD Products']",415 memorial dr se atlanta ga,(678) 705-1799,cloud9smokeco@gmail.com, https://cloud9smokeco.com
Green Angel,"[' CBD Oil', ' Dispensaries', ' CBD Products']",415 memorial dr se atlanta ga,(678) 705-1799,cloud9smokeco@gmail.com, https://cloud9smokeco.com
